Name,Gender,DateOfBirth,Industry,Income
Forrest Fernandez,2,26/03/1988,Tristique Limited,91 493
Helen Harrington,2,15/01/1988,Luctus Ipsum Corporation,36 516
Brianna Rios,2,13/09/1968,Nec Tellus Company,48 806
Rahim Kinney,2,27/09/2004,Bibendum Associates,80 670
Erasmus Rosa,1,11/06/1974,Lorem Vehicula Et Consulting,18 197
Lunea Sutton,1,3/01/1964,Inceptos Hymenaeos Mauris Corporation,73 384
Orlando Bell,2,11/11/1981,Mi Pede Incorporated,73 999
Ahmed Monroe,2,30/07/1963,Rutrum Institute,69 263
Autumn Marshall,2,7/12/1976,Egestas A Inc.,94 849
Robert Herring,2,21/08/1975,Nisi Associates,29 224
Yvette Ramos,1,23/08/2000,Ultricies Industries,61 549
Camilla Porter,1,27/12/1983,Montes Nascetur LLP,62 762
Xena Huffman,1,16/05/2001,Porttitor Consulting,94 731
Yoko Keith,1,17/07/1956,Felis Associates,52 156
Karly Hill,2,13/01/1964,Sodales At PC,99 624
Nina Vaughan,1,10/03/1995,Eu Enim Consulting,35 053
Tanner Rosales,2,29/04/2009,Vitae Inc.,57 323
Celeste Hunter,1,10/06/1951,Ipsum Cursus Vestibulum Institute,59 537
Chloe Cruz,1,4/12/1959,Vitae Odio Sagittis LLP,82 233
Micah Schwartz,2,27/05/2007,Diam Associates,25 413
Kasper Petersen,2,5/04/1965,A LLP,26 378
Gail Harper,2,1/10/1968,Erat Neque Non Inc.,91 153
Patience Miles,1,11/07/1975,A Odio Semper LLP,38 583
Hyacinth Holden,1,13/06/1961,Pede Blandit Congue Incorporated,46 917
Todd Mcclure,2,25/12/1965,Libero Corporation,28 302
Barrett Clayton,1,19/09/1952,Sed LLC,87 988
Emmanuel Padilla,2,23/12/1954,Porttitor Eros Corp.,32 256
Amena Baxter,2,5/09/1999,Dolor Tempus Non Limited,10 654
Duncan Collier,2,6/04/1998,Lorem LLC,92 651
Asher Hudson,1,30/04/1963,Aenean Sed LLP,55 676
Ramona Jimenez,1,31/12/1956,Magna Tellus Faucibus Incorporated,60 453
Simon Harmon,2,27/12/1991,Dui Nec Urna Incorporated,69 344
Noelani Buckner,1,13/09/1972,Non Justo Corp.,80 192
Wang Grimes,1,10/04/1952,Ornare Fusce Mollis Consulting,90 917
Gretchen Buckley,1,9/09/2001,Donec PC,46 061
Dillon Gentry,2,13/05/1990,Sagittis Augue Eu Foundation,54 694
Curran Holcomb,1,24/05/2002,Nec Metus Limited,87 128
Moses Forbes,1,17/06/1960,Est Mauris Ltd,89 169
Lisandra Ferguson,1,2/05/1962,Proin Sed Turpis Limited,77 582
Ifeoma Klein,1,18/10/1973,Sit Amet Nulla Corporation,42 353
Francesca Rose,2,20/10/2007,Eleifend LLC,22 593
Benedict Warner,1,12/02/1983,Sed Leo Incorporated,15 892
Bernard Phelps,1,29/09/1987,Phasellus Nulla Integer Foundation,86 691
Tobias Watkins,2,27/01/1972,Lacinia Sed Congue LLP,30 951
Madaline Nixon,1,24/07/1987,Amet LLP,31 051
Abraham Goodwin,2,8/05/1990,Lacus Industries,98 499
Jarrod Greer,2,2/04/1996,Nibh Dolor Nonummy Limited,40 612
Ayanna Romero,2,6/06/2009,Non Luctus Ltd,95 670
Sharon Flowers,1,21/06/1999,Bibendum Fermentum Ltd,98 432
Jaden Leon,2,17/02/1986,Nonummy Fusce Fermentum Limited,64 815
Allistair Fernandez,2,15/10/1992,Metus In Nec Industries,99 075
James Valentine,1,1/06/1962,A Industries,62 823
Demetria Fleming,2,18/11/1951,Proin Velit Industries,86 308
Chiquita Roberts,2,6/12/1983,Tortor Dictum Associates,52 321
Dexter Castillo,1,13/12/1954,Risus Donec Ltd,32 230
Fletcher Bates,2,11/10/1998,Non Vestibulum Nec Corporation,50 185
Lamar Gray,1,14/01/1954,Neque Pellentesque PC,63 958
Justine Reynolds,2,14/12/2000,Taciti Industries,94 209
Dale Jarvis,1,11/09/1987,Nonummy LLP,98 102
Shaeleigh Dorsey,1,23/11/1953,Et Rutrum Non PC,79 815
Reagan Rhodes,2,13/11/2001,Suspendisse Non Incorporated,96 690
Cruz Park,2,12/01/2004,Ultrices PC,81 669
Dustin Roy,2,12/02/2007,Nulla Tincidunt Neque Incorporated,70 082
Cade Ashley,2,22/05/1989,Diam Proin Company,97 568
Brent Hobbs,1,9/11/1953,A Dui Institute,46 949
Ray Salazar,1,24/07/1973,Conubia Industries,58 453
Vielka Bowman,2,15/03/1958,Non Lacinia PC,26 505
Wyatt Smith,1,25/07/2004,Sit Amet Risus Incorporated,80 788
Finn Maddox,1,30/06/1955,Pellentesque Ultricies Dignissim Inc.,59 894
Dylan Whitehead,1,9/09/1950,Nulla Integer Corporation,11 240
Susan Cardenas,1,7/02/2006,Euismod Ac Fermentum Corporation,37 849
Daryl Meyers,2,13/11/1955,Libero Est Incorporated,22 291
Sopoline Macdonald,1,12/06/2007,Sed Pede Consulting,59 642
Ursa Richard,2,1/03/1968,Odio Phasellus At Ltd,23 414
Karina Bradley,1,2/07/1953,Nec LLP,62 949
Chase Faulkner,1,15/04/1973,Sed LLC,23 665
Cara Horn,2,23/01/1968,Odio Limited,31 566
Madeline Blankenship,2,6/02/1955,Ad Litora Limited,48 691
India Mcmahon,1,20/07/1987,Aliquam Tincidunt Nunc Industries,33 494
Silas Wilcox,1,19/11/2006,Inceptos Hymenaeos Mauris Inc.,24 281
Dominique Maldonado,2,1/07/1969,Auctor Vitae Incorporated,47 072
Cyrus Frost,1,27/02/1972,Sed Consequat Auctor Company,70 446
Kaden Peters,2,31/01/1972,Pede Foundation,55 652
Karly Vega,2,2/09/1985,Auctor Mauris Limited,15 194
Dora Little,2,1/07/1998,At Lacus Company,76 580
Quail Harris,1,14/09/1950,Lorem Corp.,42 889
Quynn Pickett,2,8/10/1973,Accumsan Interdum Ltd,73 614
Maile Kent,2,24/10/1969,Magna Sed LLC,99 119
Uriel Roberts,2,19/11/1953,Vestibulum Massa Rutrum Foundation,50 377
Francis Taylor,1,28/08/1978,Sapien Institute,82 661
Kerry Delgado,1,28/12/1964,Semper Rutrum Fusce Corporation,26 496
Lacota Gallegos,2,18/05/1950,Accumsan Sed Consulting,98 102
Ursa Meyers,1,30/04/1991,Dictum Associates,52 353
Anne Hall,1,7/02/1963,Tristique Corporation,12 654
Ali Rogers,1,30/03/1961,Neque Et Nunc LLC,92 687
Orlando Valentine,1,30/05/2006,Magna Cras LLC,39 563
Rose Burgess,1,9/06/1956,Nec Ante Blandit Limited,36 587
Cade Spence,1,20/06/1974,Nulla Company,62 780
Maxwell Hendrix,1,28/10/1952,Aliquet Molestie Company,89 064
Sophia Branch,2,17/09/1972,Mauris Associates,79 135
,,,,
